"answersCount","date","displayedLink","position","rank","searchCountry","searchLanguage","searchQuery","snippet","source","title","topAnswer","url"
"","","","1","1","us","en","community.spotify.com/t5/In-Your-Ear/","The switch in volume often happen when you do something else with the phone while listning to spotify or if you receive a message/other notice.","","Serious problem with volume - ear damage alert!!!","","https://community.spotify.com/t5/Android/Serious-problem-with-volume-ear-damage-alert/td-p/407872"
"","","","2","2","us","en","community.spotify.com/t5/In-Your-Ear/","“play daily mix 1” (or 2 or 3, etc) it plays ear training instead. you check if the firmware of your speakers has any pending updates.","","Why does Spotify play ear training not daily mix?","","https://community.spotify.com/t5/Other-Podcasts-Partners-etc/Why-does-Spotify-play-ear-training-not-daily-mix/td-p/5472220"
"","","","3","3","us","en","community.spotify.com/t5/In-Your-Ear/","To get spotify to play i have to set another device as default, start the song, and then switch back to my headset. But when i then switch back, i can only ...","","I only have sound in the left ear!?","","https://community.spotify.com/t5/Desktop-Windows/I-only-have-sound-in-the-left-ear/td-p/5000528"
"","","","4","4","us","en","community.spotify.com/t5/In-Your-Ear/","The added compression by Spotify is literally painful to the ears. Listening to Classical, Jazz or instrumental music is down right awful.","","Stop the music compression- Your killing my ears","","https://community.spotify.com/t5/iOS-iPhone-iPad/Stop-the-music-compression-Your-killing-my-ears/td-p/4987578"
"","","","5","5","us","en","community.spotify.com/t5/In-Your-Ear/","Then there was Internet, a new digital horizon with P2P and youtube, listening new music was easier and free, from the comfort of your house.","","Good morning Spotify comunity","","https://community.spotify.com/t5/Social-Random/Good-morning-Spotify-comunity/td-p/6146142"
"","","","6","6","us","en","community.spotify.com/t5/In-Your-Ear/","https://community.spotify.com/t5/Ongoing- Sometimes, this team just needs to put in the ear buds and concentrate in our own little worlds","","“My Spotify is like spicy hot pot.” 🌶️ A look inside publicist ...","","https://www.facebook.com/Spotify/posts/my-spotify-is-like-spicy-hot-pot-%EF%B8%8F-a-look-inside-publicist-and-style-icon-gia-ku/890395499799030/"
"","","","7","7","us","en","community.spotify.com/t5/In-Your-Ear/","To adjust the volume balance, head to Settings > General > Accessibility. Here, you can adjust the left/right volume balance or set the audio to mono.","","Only Left Ear playing bluetooth with AirPods and B...","","https://community.spotify.com/t5/iOS-iPhone-iPad/Only-Left-Ear-playing-bluetooth-with-AirPods-and-Beats-with/td-p/4020534"
"","","","8","8","us","en","community.spotify.com/t5/In-Your-Ear/","My partner found this petition for getting Spotify to filter AI music so you can get rid of it from your recommendations!","","Petition to remove AI-generated music from Spotify ...","","https://www.facebook.com/groups/1404116417142065/posts/2043730756513958/"
"","","","9","9","us","en","community.spotify.com/t5/In-Your-Ear/","Artists Wanted is a Spotify Community event. Connecting artists with listeners. Your mission is to give listeners a reason to press play. As a ...","","Share your music with the Spotify Community","","https://www.reddit.com/r/MusicPromotion/comments/1uelvic/share_your_music_with_the_spotify_community/"
"","","","10","10","us","en","community.spotify.com/t5/In-Your-Ear/","My first question to the support team is, why is there not a way to customize your homepage? Literally all I have are random podcasts on my ...","","Can't remove podcast from ""your shows"" - Page 29","","https://community.spotify.com/t5/Other-Podcasts-Partners-etc/Can-t-remove-podcast-from-quot-your-shows-quot/td-p/5238433/page/29"
"","","1.3K+ reactions  ·  2 years ago","1","11","us","en","community.spotify.com/t5/In-Your-Ear/","That's so true! Creating a playlist is like curating a personalized soundtrack for your life. What's your Spotify love language?","Facebook · Spotify","“Making a playlist is an act of love…” Floral artist Robin ...","","https://www.facebook.com/Spotify/posts/making-a-playlist-is-an-act-of-love-floral-artist-robin-rose-hilleary-shares-her/893180386187208/"
"","Apr 30, 2019","https://community.spotify.com › Desktop-Mac › td-p","2","12","us","en","community.spotify.com/t5/In-Your-Ear/","Whenever I use Spotify on my mac it will automatically set my iPhone volume to max cuz it is connected to the app on MacRead more","The Spotify Community","Spotify Connect Sets Volume to Max","","https://community.spotify.com/t5/Desktop-Mac/Spotify-Connect-Sets-Volume-to-Max/td-p/4737952"
"","","https://community.spotify.com › iOS-iPhone-iPad › HE...","3","13","us","en","community.spotify.com/t5/In-Your-Ear/","The workaround is to hit play before inserting your headphones in your ears, adjust the volume, and then go from there. Of course, once in a while I forget ...","The Spotify Community","HEADPHONE VOLUME - DEFECT, NOT IDEA","","https://community.spotify.com/t5/iOS-iPhone-iPad/HEADPHONE-VOLUME-DEFECT-NOT-IDEA/m-p/1405093"
"","Jan 27, 2024","https://us.community.samsung.com › td-p","4","14","us","en","community.spotify.com/t5/In-Your-Ear/","I guess that if your watch has internet connection, you might be able to listen to Spotify without premium on your watch speaker or ear buds ...Read more","us.community.samsung.com","Can I listen to Spotify playlists on the Watch 6 w...","","https://us.community.samsung.com/t5/Galaxy-Watch/Can-I-listen-to-Spotify-playlists-on-the-Watch-6-without-having/td-p/2790848"
"","Sep 4, 2019","https://support.google.com › chromebook › thread › son...","5","15","us","en","community.spotify.com/t5/In-Your-Ear/","Every time I hit play while Spotify is open in a tab, a notification shows up naming the song and adding back/pause/skip buttons.Read more","Google Help","Songs from Spotify constantly appearing in my ...","","https://support.google.com/chromebook/thread/13603473/songs-from-spotify-constantly-appearing-in-my-chromebook-notifications-where-do-i-disable-this?hl=en"
"","Mar 20, 2024","https://community.spotify.com › td-p","6","16","us","en","community.spotify.com/t5/In-Your-Ear/","Make sure that the channel balance for Spotify is set properly in your device's audio manager. You can also reset your audio settings to the default.Read more","The Spotify Community","Songs louder in left ear","","https://community.spotify.com/t5/Other-Podcasts-Partners-etc/Songs-louder-in-left-ear/td-p/5957096"
"","Feb 26, 2018","https://archivedforum2.beoworld.org › forums","7","17","us","en","community.spotify.com/t5/In-Your-Ear/","Today I have learned from Spotify support that they have removed Spotify Connect availability for B&O devices, such as my BeoPlay A9 mk1.Read more","Beoworld","Spotify Connect no longer available for B&O devices ... - Forums","","https://archivedforum2.beoworld.org/forums/t/30311.aspx"
"","","https://community.spotify.com › Community-Blog › ba-p","8","18","us","en","community.spotify.com/t5/In-Your-Ear/","Hope your playlists are as bright as the days ahead. You can check out the full playlist here: In Our Headphones cover. In Our Headphones · Spotify Community.Read more","The Spotify Community","In Our Headphones: May 2026","","https://community.spotify.com/t5/Community-Blog/In-Our-Headphones-May-2026/ba-p/7450253"
"","Mar 15, 2024","https://www.googlenestcommunity.com › Nest-Mini-and...","9","19","us","en","community.spotify.com/t5/In-Your-Ear/","Does anyone have any tips on how to solve an ongoing issue we are having with playing Spotify on all of our Nest speakers (Hub, ...","Google","Nest Mini and Nest Hub Spotify issues - Google Nest Community","","https://www.googlenestcommunity.com/t5/Speakers-and-Displays/Nest-Mini-and-Nest-Hub-Spotify-issues/m-p/606179"
"","Aug 30, 2017","https://tidbits.com › 2017/08/30 › the-10000-track-limit...","10","20","us","en","community.spotify.com/t5/In-Your-Ear/","The streaming music service Spotify turns out to have a 10000 track limit on music collections. That was a deal-breaker for Adam Engst, ...","tidbits.com","The 10,000 Track Limit: Why I Switched from Spotify to Apple ...","","https://tidbits.com/2017/08/30/the-10000-track-limit-why-i-switched-from-spotify-to-apple-music/"
"","","150+ likes  ·  6 months ago","1","21","us","en","community.spotify.com/t5/In-Your-Ear/","Audiobooks over music in my ears.    ♥️ And in case you were unaware, Spotify Premium offers 15 hrs of audiobook listening each month.","Instagram · tiffanypreads","Audiobooks over music in my ears.♥️ And in case you were ...","","https://www.instagram.com/reel/DSBhDLnjWCi/"
"","","https://community.spotify.com › Community-Blog › ba-p","2","22","us","en","community.spotify.com/t5/In-Your-Ear/","Hope your playlists are as bright as the days ahead. You can check out the full playlist here: In Our Headphones cover. In Our Headphones · Spotify Community.Read more","The Spotify Community","In Our Headphones: May 2026","","https://community.spotify.com/t5/Community-Blog/In-Our-Headphones-May-2026/ba-p/7450253"
"","Dec 2, 2020","https://discussions.apple.com › thread","3","23","us","en","community.spotify.com/t5/In-Your-Ear/","There is a feature request in the Spotify forum to disable autplay on app startup. See https://community.spotify.com/t5/Live-Ideas/Mobile ...Read more","Apple Support Community","Spotify Playback changes to iPhone when AirPods Pro ...","","https://discussions.apple.com/thread/252121041"
"","","https://news.ycombinator.com › item","4","24","us","en","community.spotify.com/t5/In-Your-Ear/","Spotify please listen to your customers and spend a minute or two implementing true shuffle [1], thank you. [1] https://community.spotify.com/t5/Live-Ideas ...","Hacker News","Applying the Facade Pattern on Spotify for Artists","","https://news.ycombinator.com/item?id=40196507"
"","","https://gist.github.com › ...","5","25","us","en","community.spotify.com/t5/In-Your-Ear/","A comprehensive library that provides access to all of the features of the Spotify Web API. It is easy to use, and it can be used to build a wide variety of ...Read more","Gist","A collection of music APIs, databases, and related tools","","https://gist.github.com/0xdevalias/eba698730024674ecae7f43f4c650096"
"","Sep 10, 2025","https://www.audiosciencereview.com › forum › page-18","6","26","us","en","community.spotify.com/t5/In-Your-Ear/","Lossless support for Chromecast Audio has been proposed in the Spotify Community Forum. Vote for it here: https://community.spotify.com/t5 ...Read more","Audio Science Review (ASR) Forum","Lossless Listening Arrives on Spotify Premium | Page 18","","https://www.audiosciencereview.com/forum/index.php?threads/lossless-listening-arrives-on-spotify-premium.65717/page-18"
"","","3 comments  ·  1 month ago","7","27","us","en","community.spotify.com/t5/In-Your-Ear/","My partner found this petition for getting Spotify to filter AI music so you can get rid of it from your recommendations! 

Music is art, and AI does not ...","Facebook · Artists Against Generative AI","Petition to remove AI-generated music from Spotify ...","","https://www.facebook.com/groups/1404116417142065/posts/2043730756513958/"
"","","https://community.sony.ee › 360-reality-audio › td-p","8","28","us","en","community.spotify.com/t5/In-Your-Ear/","Go the link below, choose your country and on the new website for your ... Yes, the app now has the ear ... https://community.spotify.com/t5/Live-Ideas/All ...","Sony Estonia","360 reality audio","","https://community.sony.ee/t5/1-series/360-reality-audio/td-p/3650106"
"","","https://www.tandfonline.com › ... › Volume 13, Issue 4","9","29","us","en","community.spotify.com/t5/In-Your-Ear/","by M Eriksson · 2020 · Cited by 98 — This article explores the role of editorial playlists in Spotify's streaming economy. In particular, it approaches Spotify's playlists as container ...Read more","Taylor & Francis Online","on Spotify and the logistical role of digital music packages","","https://www.tandfonline.com/doi/full/10.1080/17530350.2019.1708780"
"","Sep 16, 2020","https://community.spotify.com › idi-p","10","30","us","en","community.spotify.com/t5/In-Your-Ear/","Spotify needs to have a mono option for those of us who are hearing impaired. It is exclusionary otherwise!Read more","The Spotify Community","[All Platforms][Other] Mono option for hearing impaired","","https://community.spotify.com/t5/Implemented-Ideas/All-Platforms-Other-Mono-option-for-hearing-impaired/idi-p/5036824"
"","","https://support.hifiberry.com › forum › support","1","31","us","en","community.spotify.com/t5/In-Your-Ear/","... on the power ... With your ears it depends how close you're to the speakers ;-) ... Others have had similar problems: https://community.spotify.com/t5 ...","HiFiBerry Community","Beta test USB interface add-on board","","https://support.hifiberry.com/forum/c/support/3927"
"","","7.5K+ likes  ·  7 months ago","2","32","us","en","community.spotify.com/t5/In-Your-Ear/","What are you using to share your music these days? And where are you purchasing ? What advice would you give to an artist who feels they ...Read more","Instagram · gabrielkahane","I am genuinely shocked that musicians and listeners are ...","","https://www.instagram.com/p/DR0VS4EElA2/"
"","","https://community.spotify.com › td-p › page","3","33","us","en","community.spotify.com/t5/In-Your-Ear/","It may be that a clean reinstall of your Spotify can solve your issue! You can check out how to do this in this link: https://community.spotify.com/t5/FAQs ...Read more","The Spotify Community","Spotify can't play this right now. If you have the... - Page 25","","https://community.spotify.com/t5/Desktop-Windows/Spotify-can-t-play-this-right-now-If-you-have-the-file-on-your/td-p/5259398/page/25"
"","Oct 23, 2020","https://support.mozilla.org › en-US › questions","4","34","us","en","community.spotify.com/t5/In-Your-Ear/","Try disabling the new integration with Windows' media interface. That would be similar to the advice you found for other applications.Read more","Mozilla Support","pausing a video mutes all sounds with bluetooth headphones","","https://support.mozilla.org/en-US/questions/1309879"
"","","https://community.pandora.com › Support › iOS","5","35","us","en","community.spotify.com/t5/In-Your-Ear/","I am currently having an issue where every time I pause pandora with my Powerbeats Pro Bluetooth ear buds I have to open the application back up and press play ...Read more","Pandora Community","iOS: Unable to Start via Headphone Buttons - Page 2","","https://community.pandora.com/t5/iOS/iOS-Unable-to-Start-via-Headphone-Buttons/td-p/68929/page/2"
"","Sep 28, 2020","https://www.justanswer.com › software","6","36","us","en","community.spotify.com/t5/In-Your-Ear/","Bluetooth audio cutting out in the Camry can stem from weak signal interference or outdated infotainment software. Start by updating the ...Read more","JustAnswer","For some reason my Spotify music keeps cutting in and out. ...","","https://www.justanswer.com/software/f6toi-reason-spotify-music-keeps-cutting-out.html"
"","Feb 3, 2022","https://community.zoom.com › Zoom-Meetings › td-p","7","37","us","en","community.spotify.com/t5/In-Your-Ear/","Hello. I have trouble using Bluetooth audio device with Zoom app for Android. When I project a Zoom recorded meeting from my cell phone to a Bluetooth ...","Zoom Community","Bluetooth audio troubleshooting","","https://community.zoom.com/t5/Zoom-Meetings/Bluetooth-audio-troubleshooting/td-p/39431#!"
"","","280+ reactions  ·  7 months ago","8","38","us","en","community.spotify.com/t5/In-Your-Ear/","Lastly, trust your ears. AI versions of real instruments don't ... Here's the link: https://community.spotify.com/t5/Live-Ideas/Mark ...Read more","Facebook · The Correspondents","Second time some AI trash has appeared on Spotify as a ...","","https://www.facebook.com/TheCorrespondents/posts/second-time-some-ai-trash-has-appeared-on-spotify-as-a-correspondents-release-it/1359707565529799/"
"","","https://pmc.ncbi.nlm.nih.gov › articles › PMC11923031","9","39","us","en","community.spotify.com/t5/In-Your-Ear/","by H Schweiger · 2025 · Cited by 7 — Longer playlists tend to exhibit higher coherence, whereas playlists dominated by popular tracks or those extensively modified by users show reduced coherence.Read more","PubMed Central (PMC) (.gov)","The impact of playlist characteristics on coherence in user ...","","https://pmc.ncbi.nlm.nih.gov/articles/PMC11923031/"
"","","https://www.sciencedirect.com › topics › psychology › s...","10","40","us","en","community.spotify.com/t5/In-Your-Ear/","It has a headband with an additional piece that angles up—in this case—from just behind the ears across the crown of the head and back down to the other side.Read more","ScienceDirect.com","Spotify - an overview | ScienceDirect Topics","","https://www.sciencedirect.com/topics/psychology/spotify"
"","Sep 28, 2020","https://www.justanswer.com › software","1","41","us","en","community.spotify.com/t5/In-Your-Ear/","Additionally, a warning regarding Samsung power saving mode:https://community.spotify.com/t5/Android/PSA-Samsung-users-please-read/m-p/1334731# ...Read more","JustAnswer","For some reason my Spotify music keeps cutting in and out. ...","","https://www.justanswer.com/software/f6toi-reason-spotify-music-keeps-cutting-out.html"
"","","https://pmc.ncbi.nlm.nih.gov › articles › PMC11923031","2","42","us","en","community.spotify.com/t5/In-Your-Ear/","by H Schweiger · 2025 · Cited by 7 — ... on the diversity of consumption on Spotify. In: Proceedings of the web ... https://community.spotify.com/t5/iOS-iPhone-iPad/Adding-song ...Read more","PubMed Central (PMC) (.gov)","The impact of playlist characteristics on coherence in user ...","","https://pmc.ncbi.nlm.nih.gov/articles/PMC11923031/"
"","","https://www.sciencedirect.com › topics › psychology › s...","3","43","us","en","community.spotify.com/t5/In-Your-Ear/","... community', model of peer production is based ... In music, WIRED magazine told us “How to Bust Your Spotify Feedback Loop and Find New Music” (Turk 2021).Read more","ScienceDirect.com","Spotify - an overview | ScienceDirect Topics","","https://www.sciencedirect.com/topics/psychology/spotify"
"","Oct 25, 2016","https://www.head-fi.org › ... › Portable Source Gear","4","44","us","en","community.spotify.com/t5/In-Your-Ear/","Please give me a vote on the link below, if only to put this on the map. https://community.spotify.com/t5/Live-Ideas/Partnership-Spotify-App ...Read more","Head-Fi.org","Spotify App for Astell & Kern devices","","https://www.head-fi.org/threads/spotify-app-for-astell-kern-devices.823959/"
"","","10+ comments  ·  5 months ago","5","45","us","en","community.spotify.com/t5/In-Your-Ear/","If you want more ears on your music, why not try in the Spotify Community Artists Wanted - Edition 18. https://community.spotify.com/t5 ...Read more","Reddit · r/SpotifyHub","help me grow pls : r/SpotifyHub","","https://www.reddit.com/r/SpotifyHub/comments/1q5oezf/help_me_grow_pls/"
"","May 31, 2018","https://community.spotify.com › Music-Discussion › td-p","6","46","us","en","community.spotify.com/t5/In-Your-Ear/","In fact, I've been very busy broadening my music taste with the help of Spotify, Amon's excellent taste and some friends and when I finally ...Read more","The Spotify Community","How do you extend your Musical Universe ?","","https://community.spotify.com/t5/Music-Discussion/How-do-you-extend-your-Musical-Universe/td-p/4496366"
"","","3M+ views  ·  2 months ago","7","47","us","en","community.spotify.com/t5/In-Your-Ear/","ei sei link [https://community.spotify.com/t5/Live-Ideas/Add-Spotify ... original sound - Spotify. 313Likes. 19Comments. 17Shares. Create your own ...","TikTok · Spotify","BTS Perform '2.0' Live at Spotify SWIMSIDE NYC","","https://www.tiktok.com/@spotify/video/7625770038829600013"
"","Apr 29, 2021","https://community.cisco.com › webex-notification-soun...","8","48","us","en","community.spotify.com/t5/In-Your-Ear/","... t5/webex-meetings-and-webex/notifications/m-p/4398260/highlight/true ... Set the Ringers and Alerts drop down menu to whatever your audio output ...Read more","Cisco Community","Solved: Webex Notification Sounds Not Working","","https://community.cisco.com/t5/webex-meetings-and-webex-app/webex-notification-sounds-not-working/m-p/4395659"
"","","https://community.aarp.org › td-p","9","49","us","en","community.spotify.com/t5/In-Your-Ear/","Caregiving Tips. Guidance on how to properly care for your loved ones as they navigate through the aging process.Read more","AARP Online Community","Managing Sundowners Syndrome Tip #7: Use Music and...","","https://community.aarp.org/t5/Leave-a-Caregiving-Tip/Managing-Sundowners-Syndrome-Tip-7-Use-Music-and-Calming-Sounds/td-p/2409680"
"","May 30, 2025","https://musiciansunion.org.uk › news › digital-strategy-...","10","50","us","en","community.spotify.com/t5/In-Your-Ear/","Man with his hand on his ear, listening carefully to music through his over ear. How to Boost Your Chances of Getting Your Music Reviewed. The ...Read more","The Musicians' Union","Digital Strategy for Musicians New to Social Media | The MU","","https://musiciansunion.org.uk/news/digital-strategy-for-musicians-new-to-social-media"
